/Users/leonid.shagabutdinov/Library/Python/3.9/lib/python/site-packages/urllib3/__init__.py:35: NotOpenSSLWarning: urllib3 v2 only supports OpenSSL 1.1.1+, currently the 'ssl' module is compiled with 'LibreSSL 2.8.3'. See: https://github.com/urllib3/urllib3/issues/3020
  warnings.warn(
Fetching candidates for job 5340189...
Found 280 candidates
Fetching evaluations for candidate 568900930...
Fetching evaluations for candidate 568592209...
Fetching evaluations for candidate 568568509...
Fetching evaluations for candidate 568433219...
Fetching evaluations for candidate 568430802...
Fetching evaluations for candidate 568070406...
Fetching evaluations for candidate 567988447...
Fetching evaluations for candidate 567953626...
Fetching evaluations for candidate 567936726...
Fetching evaluations for candidate 567869543...
Fetching evaluations for candidate 567779439...
Fetching evaluations for candidate 567737786...
Fetching evaluations for candidate 567375764...
Fetching evaluations for candidate 567345754...
Fetching evaluations for candidate 567344321...
Fetching evaluations for candidate 567313036...
Fetching evaluations for candidate 567273715...
Fetching evaluations for candidate 567236291...
Fetching evaluations for candidate 567199546...
Fetching evaluations for candidate 567185955...
Fetching evaluations for candidate 567116316...
Fetching evaluations for candidate 567109533...
Fetching evaluations for candidate 567029730...
Fetching evaluations for candidate 567023208...
Fetching evaluations for candidate 567020037...
Fetching evaluations for candidate 566189571...
Fetching evaluations for candidate 566189568...
Fetching evaluations for candidate 566186534...
Fetching evaluations for candidate 566186531...
Fetching evaluations for candidate 566186527...
Fetching evaluations for candidate 566186525...
Fetching evaluations for candidate 566186520...
Fetching evaluations for candidate 566186518...
Fetching evaluations for candidate 565759893...
Fetching evaluations for candidate 565744802...
Fetching evaluations for candidate 565691123...
Fetching evaluations for candidate 565569921...
Fetching evaluations for candidate 565564596...
Fetching evaluations for candidate 565562949...
Fetching evaluations for candidate 565555302...
Fetching evaluations for candidate 565545148...
Fetching evaluations for candidate 565293128...
Fetching evaluations for candidate 565261673...
Fetching evaluations for candidate 565215339...
Fetching evaluations for candidate 565063005...
Fetching evaluations for candidate 564757421...
Fetching evaluations for candidate 564749956...
Fetching evaluations for candidate 564742676...
Fetching evaluations for candidate 564741545...
Fetching evaluations for candidate 564740044...
Fetching evaluations for candidate 564736685...
Fetching evaluations for candidate 564731442...
Fetching evaluations for candidate 564730190...
Fetching evaluations for candidate 564728967...
Fetching evaluations for candidate 564727800...
Fetching evaluations for candidate 564727333...
Fetching evaluations for candidate 564716447...
Fetching evaluations for candidate 564673231...
Fetching evaluations for candidate 564632458...
Fetching evaluations for candidate 564389693...
Fetching evaluations for candidate 564345642...
Fetching evaluations for candidate 564232613...
Fetching evaluations for candidate 564205566...
Fetching evaluations for candidate 564184487...
Fetching evaluations for candidate 564037624...
Fetching evaluations for candidate 563772215...
Fetching evaluations for candidate 563697059...
Fetching evaluations for candidate 563638216...
Fetching evaluations for candidate 563619040...
Fetching evaluations for candidate 563617118...
Fetching evaluations for candidate 563608670...
Fetching evaluations for candidate 563607759...
Fetching evaluations for candidate 563590356...
Fetching evaluations for candidate 563509422...
Fetching evaluations for candidate 563366036...
Fetching evaluations for candidate 563296181...
Fetching evaluations for candidate 563294482...
Fetching evaluations for candidate 563270913...
Fetching evaluations for candidate 563220363...
Fetching evaluations for candidate 563216880...
Fetching evaluations for candidate 563148335...
Fetching evaluations for candidate 563139405...
Fetching evaluations for candidate 563139363...
Fetching evaluations for candidate 563137353...
Fetching evaluations for candidate 563137335...
Fetching evaluations for candidate 563097069...
Fetching evaluations for candidate 563093820...
Fetching evaluations for candidate 563060234...
Fetching evaluations for candidate 563036044...
Fetching evaluations for candidate 563012228...
Fetching evaluations for candidate 562955527...
Fetching evaluations for candidate 562934353...
Fetching evaluations for candidate 562916176...
Fetching evaluations for candidate 562892996...
Fetching evaluations for candidate 562860946...
Fetching evaluations for candidate 562847098...
Fetching evaluations for candidate 562838581...
Fetching evaluations for candidate 562836511...
Fetching evaluations for candidate 562826741...
Fetching evaluations for candidate 562822908...
Fetching evaluations for candidate 562813690...
Fetching evaluations for candidate 562797570...
Fetching evaluations for candidate 562791224...
Fetching evaluations for candidate 562612663...
Fetching evaluations for candidate 562605537...
Fetching evaluations for candidate 562394884...
Fetching evaluations for candidate 562358309...
Fetching evaluations for candidate 562350814...
Fetching evaluations for candidate 562349611...
Fetching evaluations for candidate 562335194...
Fetching evaluations for candidate 562329550...
Fetching evaluations for candidate 562310732...
Fetching evaluations for candidate 562278428...
Fetching evaluations for candidate 562268844...
Fetching evaluations for candidate 562267192...
Fetching evaluations for candidate 562265834...
Fetching evaluations for candidate 562258804...
Fetching evaluations for candidate 562246473...
Fetching evaluations for candidate 562217648...
Fetching evaluations for candidate 562195286...
Fetching evaluations for candidate 562164096...
Fetching evaluations for candidate 562116654...
Fetching evaluations for candidate 562107085...
Fetching evaluations for candidate 562104659...
Fetching evaluations for candidate 562078537...
Fetching evaluations for candidate 562043940...
Fetching evaluations for candidate 562043617...
Fetching evaluations for candidate 562042719...
Fetching evaluations for candidate 562022444...
Fetching evaluations for candidate 562018310...
Fetching evaluations for candidate 562010212...
Fetching evaluations for candidate 562005183...
Fetching evaluations for candidate 562005092...
Fetching evaluations for candidate 562004026...
Fetching evaluations for candidate 561989527...
Fetching evaluations for candidate 561986140...
Fetching evaluations for candidate 561976265...
Fetching evaluations for candidate 561974103...
Fetching evaluations for candidate 561973712...
Fetching evaluations for candidate 561973678...
Fetching evaluations for candidate 561971847...
Fetching evaluations for candidate 561964298...
Fetching evaluations for candidate 561961561...
Fetching evaluations for candidate 561960790...
Fetching evaluations for candidate 561959475...
Fetching evaluations for candidate 561954806...
Fetching evaluations for candidate 561950352...
Fetching evaluations for candidate 561947403...
Fetching evaluations for candidate 561945082...
Fetching evaluations for candidate 561943332...
Fetching evaluations for candidate 561937505...
Fetching evaluations for candidate 561935517...
Fetching evaluations for candidate 561935298...
Fetching evaluations for candidate 561924133...
Fetching evaluations for candidate 561921770...
Fetching evaluations for candidate 561920638...
Fetching evaluations for candidate 561920613...
Fetching evaluations for candidate 561915842...
Fetching evaluations for candidate 561913456...
Fetching evaluations for candidate 561911248...
Fetching evaluations for candidate 561906456...
Fetching evaluations for candidate 561905894...
Fetching evaluations for candidate 561898645...
Fetching evaluations for candidate 561895509...
Fetching evaluations for candidate 561892762...
Fetching evaluations for candidate 561888766...
Fetching evaluations for candidate 561886111...
Fetching evaluations for candidate 561882732...
Fetching evaluations for candidate 561878652...
Fetching evaluations for candidate 561878591...
Fetching evaluations for candidate 561878070...
Fetching evaluations for candidate 561871943...
Fetching evaluations for candidate 561860040...
Fetching evaluations for candidate 561859489...
